Workbook

Sheet Dashboard
A1: Dashboard Ligue 1 - Analyse des facteurs de performance
A2: Filtre interactif par catégorie d'équipe : Toutes, Top 5, Milieu ou Bas de tableau
A4: Catégorie sélectionnée | B4: Toutes
A6: Meilleure équipe | D6: Meilleure attaque | G6: Meilleure défense | J6: Meilleur buteur
A7: =IFERROR(INDEX($A$46:$A$63,MATCH(MAX($B$46:$B$63),$B$46:$B$63,0)),"-") | D7: =IFERROR(INDEX($A$46:$A$63,MATCH(MAX($C$46:$C$63),$C$46:$C$63,0)),"-") | G7: =IFERROR(INDEX($A$46:$A$63,MATCH(MIN($F$46:$F$63),$F$46:$F$63,0)),"-") | J7: =IFERROR(INDEX($G$46:$G$63,MATCH(MAX($H$46:$H$63),$H$46:$H$63,0)),"-")
A45: Equipe | B45: Points | C45: Buts marques | D45: Clean sheets | E45: xG | F45: Buts encaisses | G45: Meilleur buteur | H45: Buts meilleur buteur
A46: =IF(OR($B$4="Toutes",Data!AE2=$B$4),Data!A2,"") | B46: =IF(OR($B$4="Toutes",Data!AE2=$B$4),Data!D2,"") | C46: =IF(OR($B$4="Toutes",Data!AE2=$B$4),Data!H2,"") | D46: =IF(OR($B$4="Toutes",Data!AE2=$B$4),Data!Q2,"") | E46: =IF(OR($B$4="Toutes",Data!AE2=$B$4),Data!T2,NA()) | F46: =IF(OR($B$4="Toutes",Data!AE2=$B$4),Data!I2,999) | G46: =IF(OR($B$4="Toutes",Data!AE2=$B$4),Data!X2,"") | H46: =IF(OR($B$4="Toutes",Data!AE2=$B$4),Data!Y2,0)
A47: =IF(OR($B$4="Toutes",Data!AE3=$B$4),Data!A3,"") | B47: =IF(OR($B$4="Toutes",Data!AE3=$B$4),Data!D3,"") | C47: =IF(OR($B$4="Toutes",Data!AE3=$B$4),Data!H3,"") | D47: =IF(OR($B$4="Toutes",Data!AE3=$B$4),Data!Q3,"") | E47: =IF(OR($B$4="Toutes",Data!AE3=$B$4),Data!T3,NA()) | F47: =IF(OR($B$4="Toutes",Data!AE3=$B$4),Data!I3,999) | G47: =IF(OR($B$4="Toutes",Data!AE3=$B$4),Data!X3,"") | H47: =IF(OR($B$4="Toutes",Data!AE3=$B$4),Data!Y3,0)
A48: =IF(OR($B$4="Toutes",Data!AE4=$B$4),Data!A4,"") | B48: =IF(OR($B$4="Toutes",Data!AE4=$B$4),Data!D4,"") | C48: =IF(OR($B$4="Toutes",Data!AE4=$B$4),Data!H4,"") | D48: =IF(OR($B$4="Toutes",Data!AE4=$B$4),Data!Q4,"") | E48: =IF(OR($B$4="Toutes",Data!AE4=$B$4),Data!T4,NA()) | F48: =IF(OR($B$4="Toutes",Data!AE4=$B$4),Data!I4,999) | G48: =IF(OR($B$4="Toutes",Data!AE4=$B$4),Data!X4,"") | H48: =IF(OR($B$4="Toutes",Data!AE4=$B$4),Data!Y4,0)
A49: =IF(OR($B$4="Toutes",Data!AE5=$B$4),Data!A5,"") | B49: =IF(OR($B$4="Toutes",Data!AE5=$B$4),Data!D5,"") | C49: =IF(OR($B$4="Toutes",Data!AE5=$B$4),Data!H5,"") | D49: =IF(OR($B$4="Toutes",Data!AE5=$B$4),Data!Q5,"") | E49: =IF(OR($B$4="Toutes",Data!AE5=$B$4),Data!T5,NA()) | F49: =IF(OR($B$4="Toutes",Data!AE5=$B$4),Data!I5,999) | G49: =IF(OR($B$4="Toutes",Data!AE5=$B$4),Data!X5,"") | H49: =IF(OR($B$4="Toutes",Data!AE5=$B$4),Data!Y5,0)
A50: =IF(OR($B$4="Toutes",Data!AE6=$B$4),Data!A6,"") | B50: =IF(OR($B$4="Toutes",Data!AE6=$B$4),Data!D6,"") | C50: =IF(OR($B$4="Toutes",Data!AE6=$B$4),Data!H6,"") | D50: =IF(OR($B$4="Toutes",Data!AE6=$B$4),Data!Q6,"") | E50: =IF(OR($B$4="Toutes",Data!AE6=$B$4),Data!T6,NA()) | F50: =IF(OR($B$4="Toutes",Data!AE6=$B$4),Data!I6,999) | G50: =IF(OR($B$4="Toutes",Data!AE6=$B$4),Data!X6,"") | H50: =IF(OR($B$4="Toutes",Data!AE6=$B$4),Data!Y6,0)
A51: =IF(OR($B$4="Toutes",Data!AE7=$B$4),Data!A7,"") | B51: =IF(OR($B$4="Toutes",Data!AE7=$B$4),Data!D7,"") | C51: =IF(OR($B$4="Toutes",Data!AE7=$B$4),Data!H7,"") | D51: =IF(OR($B$4="Toutes",Data!AE7=$B$4),Data!Q7,"") | E51: =IF(OR($B$4="Toutes",Data!AE7=$B$4),Data!T7,NA()) | F51: =IF(OR($B$4="Toutes",Data!AE7=$B$4),Data!I7,999) | G51: =IF(OR($B$4="Toutes",Data!AE7=$B$4),Data!X7,"") | H51: =IF(OR($B$4="Toutes",Data!AE7=$B$4),Data!Y7,0)
A52: =IF(OR($B$4="Toutes",Data!AE8=$B$4),Data!A8,"") | B52: =IF(OR($B$4="Toutes",Data!AE8=$B$4),Data!D8,"") | C52: =IF(OR($B$4="Toutes",Data!AE8=$B$4),Data!H8,"") | D52: =IF(OR($B$4="Toutes",Data!AE8=$B$4),Data!Q8,"") | E52: =IF(OR($B$4="Toutes",Data!AE8=$B$4),Data!T8,NA()) | F52: =IF(OR($B$4="Toutes",Data!AE8=$B$4),Data!I8,999) | G52: =IF(OR($B$4="Toutes",Data!AE8=$B$4),Data!X8,"") | H52: =IF(OR($B$4="Toutes",Data!AE8=$B$4),Data!Y8,0)
A53: =IF(OR($B$4="Toutes",Data!AE9=$B$4),Data!A9,"") | B53: =IF(OR($B$4="Toutes",Data!AE9=$B$4),Data!D9,"") | C53: =IF(OR($B$4="Toutes",Data!AE9=$B$4),Data!H9,"") | D53: =IF(OR($B$4="Toutes",Data!AE9=$B$4),Data!Q9,"") | E53: =IF(OR($B$4="Toutes",Data!AE9=$B$4),Data!T9,NA()) | F53: =IF(OR($B$4="Toutes",Data!AE9=$B$4),Data!I9,999) | G53: =IF(OR($B$4="Toutes",Data!AE9=$B$4),Data!X9,"") | H53: =IF(OR($B$4="Toutes",Data!AE9=$B$4),Data!Y9,0)
A54: =IF(OR($B$4="Toutes",Data!AE10=$B$4),Data!A10,"") | B54: =IF(OR($B$4="Toutes",Data!AE10=$B$4),Data!D10,"") | C54: =IF(OR($B$4="Toutes",Data!AE10=$B$4),Data!H10,"") | D54: =IF(OR($B$4="Toutes",Data!AE10=$B$4),Data!Q10,"") | E54: =IF(OR($B$4="Toutes",Data!AE10=$B$4),Data!T10,NA()) | F54: =IF(OR($B$4="Toutes",Data!AE10=$B$4),Data!I10,999) | G54: =IF(OR($B$4="Toutes",Data!AE10=$B$4),Data!X10,"") | H54: =IF(OR($B$4="Toutes",Data!AE10=$B$4),Data!Y10,0)
A55: =IF(OR($B$4="Toutes",Data!AE11=$B$4),Data!A11,"") | B55: =IF(OR($B$4="Toutes",Data!AE11=$B$4),Data!D11,"") | C55: =IF(OR($B$4="Toutes",Data!AE11=$B$4),Data!H11,"") | D55: =IF(OR($B$4="Toutes",Data!AE11=$B$4),Data!Q11,"") | E55: =IF(OR($B$4="Toutes",Data!AE11=$B$4),Data!T11,NA()) | F55: =IF(OR($B$4="Toutes",Data!AE11=$B$4),Data!I11,999) | G55: =IF(OR($B$4="Toutes",Data!AE11=$B$4),Data!X11,"") | H55: =IF(OR($B$4="Toutes",Data!AE11=$B$4),Data!Y11,0)
A56: =IF(OR($B$4="Toutes",Data!AE12=$B$4),Data!A12,"") | B56: =IF(OR($B$4="Toutes",Data!AE12=$B$4),Data!D12,"") | C56: =IF(OR($B$4="Toutes",Data!AE12=$B$4),Data!H12,"") | D56: =IF(OR($B$4="Toutes",Data!AE12=$B$4),Data!Q12,"") | E56: =IF(OR($B$4="Toutes",Data!AE12=$B$4),Data!T12,NA()) | F56: =IF(OR($B$4="Toutes",Data!AE12=$B$4),Data!I12,999) | G56: =IF(OR($B$4="Toutes",Data!AE12=$B$4),Data!X12,"") | H56: =IF(OR($B$4="Toutes",Data!AE12=$B$4),Data!Y12,0)
A57: =IF(OR($B$4="Toutes",Data!AE13=$B$4),Data!A13,"") | B57: =IF(OR($B$4="Toutes",Data!AE13=$B$4),Data!D13,"") | C57: =IF(OR($B$4="Toutes",Data!AE13=$B$4),Data!H13,"") | D57: =IF(OR($B$4="Toutes",Data!AE13=$B$4),Data!Q13,"") | E57: =IF(OR($B$4="Toutes",Data!AE13=$B$4),Data!T13,NA()) | F57: =IF(OR($B$4="Toutes",Data!AE13=$B$4),Data!I13,999) | G57: =IF(OR($B$4="Toutes",Data!AE13=$B$4),Data!X13,"") | H57: =IF(OR($B$4="Toutes",Data!AE13=$B$4),Data!Y13,0)
... A63: =IF(OR($B$4="Toutes",Data!AE19=$B$4),Data!A19,"") | B63: =IF(OR($B$4="Toutes",Data!AE19=$B$4),Data!D19,"") | C63: =IF(OR($B$4="Toutes",Data!AE19=$B$4),Data!H19,"") | D63: =IF(OR($B$4="Toutes",Data!AE19=$B$4),Data!Q19,"") | E63: =IF(OR($B$4="Toutes",Data!AE19=$B$4),Data!T19,NA()) | F63: =IF(OR($B$4="Toutes",Data!AE19=$B$4),Data!I19,999) | G63: =IF(OR($B$4="Toutes",Data!AE19=$B$4),Data!X19,"") | H63: =IF(OR($B$4="Toutes",Data!AE19=$B$4),Data!Y19,0)

Sheet Data
A1: equipe | B1: rang | C1: journees | D1: points | E1: victoires | F1: nuls | G1: defaites | H1: buts_marques | I1: buts_encaisses | J1: difference_buts | K1: points_domicile | L1: points_exterieur | M1: victoires_domicile | N1: victoires_exterieur | O1: buts_domicile | P1: buts_exterieur | Q1: clean_sheets | R1: possession_moyenne | S1: tirs_par_match | T1: xG | U1: xGA | V1: cartons_jaunes | W1: cartons_rouges | X1: meilleur_buteur | Y1: buts_meilleur_buteur | Z1: meilleur_passeur | AA1: passes_decisives | AB1: efficacite_offensive | AC1: solidite_defensive | AD1: indice_discipline | AE1: categorie_equipe
A2: PSG | B2: 1 | C2: 34 | D2: 82 | E2: 25 | F2: 7 | G2: 2 | H2: 85 | I2: 28 | J2: 57 | K2: 43 | L2: 39 | M2: 13 | N2: 12 | O2: 48 | P2: 37 | Q2: 16 | R2: 63.5 | S2: 17.2 | T2: 78.4 | U2: 29.1 | V2: 58 | W2: 2 | X2: Ousmane Dembele | Y2: 24 | Z2: Vitinha | AA2: 13 | AB2: 1.08 | AC2: 0.47 | AD2: 64 | AE2: Top 5
A3: Marseille | B3: 2 | C3: 34 | D3: 71 | E3: 21 | F3: 8 | G3: 5 | H3: 68 | I3: 35 | J3: 33 | K3: 32 | L3: 39 | M3: 9 | N3: 12 | O3: 29 | P3: 39 | Q3: 12 | R3: 57.8 | S3: 15.1 | T3: 63.7 | U3: 36.8 | V3: 64 | W3: 3 | X3: Mason Greenwood | Y3: 19 | Z3: Amine Harit | AA3: 11 | AB3: 1.07 | AC3: 0.35 | AD3: 73 | AE3: Top 5
A4: Monaco | B4: 3 | C4: 34 | D4: 68 | E4: 20 | F4: 8 | G4: 6 | H4: 72 | I4: 41 | J4: 31 | K4: 31 | L4: 37 | M4: 9 | N4: 11 | O4: 32 | P4: 40 | Q4: 10 | R4: 58.4 | S4: 14.9 | T4: 65.2 | U4: 40.5 | V4: 61 | W4: 2 | X4: Folarin Balogun | Y4: 18 | Z4: Maghnes Akliouche | AA4: 12 | AB4: 1.1 | AC4: 0.29 | AD4: 67 | AE4: Top 5
A5: Lille | B5: 4 | C5: 34 | D5: 63 | E5: 18 | F5: 9 | G5: 7 | H5: 58 | I5: 33 | J5: 25 | K5: 35 | L5: 28 | M5: 10 | N5: 8 | O5: 33 | P5: 25 | Q5: 13 | R5: 55.2 | S5: 13.8 | T5: 55.6 | U5: 34 | V5: 57 | W5: 1 | X5: Jonathan David | Y5: 20 | Z5: Angel Gomes | AA5: 10 | AB5: 1.04 | AC5: 0.38 | AD5: 60 | AE5: Top 5
A6: Nice | B6: 5 | C6: 34 | D6: 60 | E6: 17 | F6: 9 | G6: 8 | H6: 52 | I6: 34 | J6: 18 | K6: 34 | L6: 26 | M6: 10 | N6: 7 | O6: 31 | P6: 21 | Q6: 14 | R6: 54.6 | S6: 12.7 | T6: 50.3 | U6: 35.7 | V6: 66 | W6: 2 | X6: Terem Moffi | Y6: 15 | Z6: Laborde | AA6: 8 | AB6: 1.03 | AC6: 0.41 | AD6: 72 | AE6: Top 5
A7: Lyon | B7: 6 | C7: 34 | D7: 58 | E7: 17 | F7: 7 | G7: 10 | H7: 61 | I7: 46 | J7: 15 | K7: 26 | L7: 32 | M7: 8 | N7: 9 | O7: 26 | P7: 35 | Q7: 8 | R7: 56.1 | S7: 14.4 | T7: 57.8 | U7: 45.2 | V7: 70 | W7: 4 | X7: Lacazette | Y7: 17 | Z7: Cherki | AA7: 11 | AB7: 1.06 | AC7: 0.24 | AD7: 82 | AE7: Milieu
A8: Lens | B8: 7 | C8: 34 | D8: 56 | E8: 16 | F8: 8 | G8: 10 | H8: 50 | I8: 38 | J8: 12 | K8: 31 | L8: 25 | M8: 9 | N8: 7 | O8: 29 | P8: 21 | Q8: 11 | R8: 53.7 | S8: 13.5 | T8: 51 | U8: 39.4 | V8: 68 | W8: 3 | X8: Wesley Said | Y8: 13 | Z8: Thomasson | AA8: 8 | AB8: 0.98 | AC8: 0.32 | AD8: 77 | AE8: Milieu
A9: Strasbourg | B9: 8 | C9: 34 | D9: 54 | E9: 15 | F9: 9 | G9: 10 | H9: 49 | I9: 42 | J9: 7 | K9: 30 | L9: 24 | M9: 9 | N9: 6 | O9: 27 | P9: 22 | Q9: 9 | R9: 51.8 | S9: 12.9 | T9: 48.9 | U9: 41.6 | V9: 72 | W9: 2 | X9: Emegha | Y9: 14 | Z9: Bakwa | AA9: 9 | AB9: 1 | AC9: 0.26 | AD9: 78 | AE9: Milieu
A10: Brest | B10: 9 | C10: 34 | D10: 51 | E10: 14 | F10: 9 | G10: 11 | H10: 47 | I10: 43 | J10: 4 | K10: 22 | L10: 29 | M10: 6 | N10: 8 | O10: 22 | P10: 25 | Q10: 9 | R10: 49.3 | S10: 11.8 | T10: 45.7 | U10: 42.1 | V10: 65 | W10: 2 | X10: Ajorque | Y10: 12 | Z10: Del Castillo | AA10: 8 | AB10: 1.03 | AC10: 0.26 | AD10: 71 | AE10: Milieu
A11: Rennes | B11: 10 | C11: 34 | D11: 49 | E11: 14 | F11: 7 | G11: 13 | H11: 55 | I11: 51 | J11: 4 | K11: 28 | L11: 21 | M11: 8 | N11: 6 | O11: 31 | P11: 24 | Q11: 7 | R11: 53.2 | S11: 13.6 | T11: 52.8 | U11: 49 | V11: 71 | W11: 3 | X11: Kalimuendo | Y11: 15 | Z11: Blas | AA11: 9 | AB11: 1.04 | AC11: 0.21 | AD11: 80 | AE11: Milieu
A12: Toulouse | B12: 11 | C12: 34 | D12: 47 | E12: 13 | F12: 8 | G12: 13 | H12: 46 | I12: 48 | J12: -2 | K12: 26 | L12: 21 | M12: 7 | N12: 6 | O12: 25 | P12: 21 | Q12: 8 | R12: 50.4 | S12: 12.2 | T12: 44.8 | U12: 47.9 | V12: 67 | W12: 2 | X12: Dallinga | Y12: 13 | Z12: Suazo | AA12: 7 | AB12: 1.03 | AC12: 0.24 | AD12: 73 | AE12: Milieu
A13: Auxerre | B13: 12 | C13: 34 | D13: 45 | E13: 12 | F13: 9 | G13: 13 | H13: 42 | I13: 47 | J13: -5 | K13: 25 | L13: 20 | M13: 7 | N13: 5 | O13: 24 | P13: 18 | Q13: 7 | R13: 47.9 | S13: 11.5 | T13: 41.6 | U13: 46.3 | V13: 73 | W13: 4 | X13: Perrin | Y13: 11 | Z13: Sinayoko | AA13: 7 | AB13: 1.01 | AC13: 0.21 | AD13: 85 | AE13: Milieu
... A19: Paris FC | B19: 18 | C19: 34 | D19: 28 | E19: 7 | F19: 7 | G19: 20 | H19: 31 | I19: 63 | J19: -32 | K19: 16 | L19: 12 | M19: 5 | N19: 2 | O19: 18 | P19: 13 | Q19: 3 | R19: 42.8 | S19: 9.4 | T19: 31.5 | U19: 61.7 | V19: 85 | W19: 5 | X19: Hamel | Y19: 10 | Z19: Kebbal | AA19: 6 | AB19: 0.98 | AC19: 0.09 | AD19: 100 | AE19: Bas de tableau

Sheet Analyse_avancee
A1: Analyse avancée - Ligue 1
A2: Analyse complémentaire : efficacité offensive, défense, discipline et domicile/extérieur
A5: equipe | B5: efficacite_offensive | E5: equipe | F5: buts_encaisses
A6: Monaco | B6: 1.1 | E6: PSG | F6: 28
A7: PSG | B7: 1.08 | E7: Lille | F7: 33
A8: Marseille | B8: 1.07 | E8: Nice | F8: 34
A9: Lyon | B9: 1.06 | E9: Marseille | F9: 35
A10: Lorient | B10: 1.05 | E10: Lens | F10: 38
A11: Lille | B11: 1.04 | E11: Monaco | F11: 41
A12: Rennes | B12: 1.04 | E12: Strasbourg | F12: 42
A13: Nice | B13: 1.03 | E13: Brest | F13: 43
A14: Toulouse | B14: 1.03 | E14: Lyon | F14: 46
A15: Brest | B15: 1.03 | E15: Auxerre | F15: 47
A16: Auxerre | B16: 1.01 | E16: Toulouse | F16: 48
A17: Strasbourg | B17: 1 | E17: Angers | F17: 49
... A23: Paris FC | B23: 0.98 | E23: Paris FC | F23: 63
A25: equipe | B25: indice_discipline | E25: equipe | F25: points_domicile | G25: points_exterieur
A26: Paris FC | B26: 100 | E26: PSG | F26: 43 | G26: 39
A27: Metz | B27: 95 | E27: Lille | F27: 35 | G27: 28
A28: Lorient | B28: 94 | E28: Nice | F28: 34 | G28: 26
A29: Le Havre | B29: 91 | E29: Marseille | F29: 32 | G29: 39
A30: Auxerre | B30: 85 | E30: Monaco | F30: 31 | G30: 37
A31: Nantes | B31: 85 | E31: Lens | F31: 31 | G31: 25
A32: Angers | B32: 84 | E32: Strasbourg | F32: 30 | G32: 24
A33: Lyon | B33: 82 | E33: Rennes | F33: 28 | G33: 21
A34: Rennes | B34: 80 | E34: Lyon | F34: 26 | G34: 32
A35: Strasbourg | B35: 78 | E35: Toulouse | F35: 26 | G35: 21
A36: Lens | B36: 77 | E36: Auxerre | F36: 25 | G36: 20
A37: Marseille | B37: 73 | E37: Brest | F37: 22 | G37: 29
... A43: Lille | B43: 60 | E43: Paris FC | F43: 16 | G43: 12
